Workbook

Sheet Dashboard
A1: Project 2048 밸런싱 대시보드
A2: 전투/스킬/적/보상 핵심 지표를 현재 에셋 기준으로 확인합니다.
A4: 활성 시나리오 | D4: 플레이어 | G4: 로스터 요약
A5: Stage 선택 | B5: 1 | D5: Max HP | E5: =Inputs!$B$4 | G5: Enemy Count | H5: =COUNTA(Enemies!$A$5:$A$16)
A6: Enemy | B6: =INDEX(CombatSim!$B$5:$B$24,MATCH($B$5,CombatSim!$A$5:$A$24,0)) | D6: Attack Power | E6: =Inputs!$B$5 | G6: Avg Risk Score | H6: =AVERAGE(Enemies!$Z$5:$Z$16)
A7: Status | B7: =INDEX(CombatSim!$P$5:$P$24,MATCH($B$5,CombatSim!$A$5:$A$24,0)) | D7: Board Moves | E7: =Inputs!$B$26 | G7: Max Risk Score | H7: =MAX(Enemies!$Z$5:$Z$16)
A8: Score | B8: =INDEX(CombatSim!$O$5:$O$24,MATCH($B$5,CombatSim!$A$5:$A$24,0)) | D8: Expected Turn Cost | E8: =Inputs!$B$27 | G8: Avg TTK Best Hit | H8: =AVERAGE(Enemies!$Y$5:$Y$16)
A9: HP Risk | B9: =INDEX(CombatSim!$N$5:$N$24,MATCH($B$5,CombatSim!$A$5:$A$24,0)) | D9: Best Attack Skill | E9: =INDEX(Skills!$B$5:$B$46,MATCH(MAX(Skills!$J$5:$J$46),Skills!$J$5:$J$46,0)) | G9: Enhanced Count | H9: =COUNTIF(Enemies!$C$5:$C$16,"Enhanced")
A10: Planned Turns | B10: =INDEX(CombatSim!$C$5:$C$24,MATCH($B$5,CombatSim!$A$5:$A$24,0)) | D10: Best Attack Damage | E10: =MAX(Skills!$J$5:$J$46) | G10: AttackHeavy Count | H10: =COUNTIF(Enemies!$D$5:$D$16,"AttackHeavy")
A11: Hits Needed | B11: =INDEX(CombatSim!$J$5:$J$24,MATCH($B$5,CombatSim!$A$5:$A$24,0)) | D11: Best Defense Skill | E11: =INDEX(Skills!$B$5:$B$10,MATCH(MAX(Skills!$I$5:$I$10),Skills!$I$5:$I$10,0)) | G11: DefenseHeavy Count | H11: =COUNTIF(Enemies!$C$5:$C$16,"DefenseHeavy")
A12: 소스 갱신 기준 | B12: SkillSO 41개 / EnemySO 12개 / PrototypePlayer.asset / CostConverter.cs / RewardTableSO | D12: Best Defense Block | E12: =MAX(Skills!$I$5:$I$10) | G12: Balanced Count | H12: =COUNTIF(Enemies!$C$5:$C$16,"Balanced")
A15: 차트 데이터
A16: Enemy | B16: Risk Score
A17: 붉은 송곳니 | B17: =INDEX(Enemies!$W$5:$W$16,MATCH($A17,Enemies!$A$5:$A$16,0))
A18: 검은 송곳니 | B18: =INDEX(Enemies!$W$5:$W$16,MATCH($A18,Enemies!$A$5:$A$16,0))
A19: 공포 파수꾼 | B19: =INDEX(Enemies!$W$5:$W$16,MATCH($A19,Enemies!$A$5:$A$16,0))
A20: 암흑 파수꾼 | B20: =INDEX(Enemies!$W$5:$W$16,MATCH($A20,Enemies!$A$5:$A$16,0))
A21: 황혼 추적자 | B21: =INDEX(Enemies!$W$5:$W$16,MATCH($A21,Enemies!$A$5:$A$16,0))
A22: 그림자 추적자 | B22: =INDEX(Enemies!$W$5:$W$16,MATCH($A22,Enemies!$A$5:$A$16,0))
A23: 분노의 발톱 | B23: =INDEX(Enemies!$W$5:$W$16,MATCH($A23,Enemies!$A$5:$A$16,0))
A24: 칠흑 방패 | B24: =INDEX(Enemies!$W$5:$W$16,MATCH($A24,Enemies!$A$5:$A$16,0))
A25: 강화 붉은 송곳니 | B25: =INDEX(Enemies!$W$5:$W$16,MATCH($A25,Enemies!$A$5:$A$16,0))
A26: 강화 검은 송곳니 | B26: =INDEX(Enemies!$W$5:$W$16,MATCH($A26,Enemies!$A$5:$A$16,0))
A27: 강화 공포 파수꾼 | B27: =INDEX(Enemies!$W$5:$W$16,MATCH($A27,Enemies!$A$5:$A$16,0))
A28: 강화 그림자 추적자 | B28: =INDEX(Enemies!$W$5:$W$16,MATCH($A28,Enemies!$A$5:$A$16,0))

Sheet Inputs
A1: Project 2048 밸런싱 기본값
A2: 현재 ScriptableObject와 BattleScene 값을 기준으로 갱신했습니다.
A3: 항목 | B3: 값 | C3: 단위 | D3: 설명 | F3: Rank Delta | G3: Attack/Defense Multiplier | H3: Runtime formula / note
A4: Player Max HP | B4: 240 | C4: HP | D4: Assets/Data/PrototypePlayer.asset maxHp | F4: -6 | G4: 0.25 | H4: Rank -6 => x0.25; formula 2/(2-rank)
A5: Player Attack Power | B5: 10 | C5: stat | D5: DamageCalculator의 attackPower 입력 | F5: -5 | G5: 0.28571429 | H5: Rank -5 => x0.29; formula 2/(2-rank)
A6: Initial Board Moves | B6: 12 | C6: moves | D6: BattleScene StageFlowController.boardMoveCount 기준 | F6: -4 | G6: 0.33333333 | H6: Rank -4 => x0.33; formula 2/(2-rank)
A7: Board Move Bonus | B7: 0 | C7: moves | D7: PlayerSO.boardMoveCountBonus | F7: -3 | G7: 0.4 | H7: Rank -3 => x0.4; formula 2/(2-rank)
A8: Expected Cost per Move | B8: 3 | C8: cost | D8: ConvertTileToCost(2)=3을 기준으로 둔 시뮬 가정값 | F8: -2 | G8: 0.5 | H8: Rank -2 => x0.5; formula 2/(2-rank)
A9: Current Shield Baseline | B9: 0 | C9: shield | D9: 방어/보호막 연계 스킬 계산용 시작 보호막 | F9: -1 | G9: 0.66666667 | H9: Rank -1 => x0.67; formula 2/(2-rank)
A10: Fear Attack Stage Penalty | B10: 1 | C10: stage | D10: PlayerCombatController.FearDefenseGainPenalty 현재 값 | F10: 0 | G10: 1 | H10: Rank 0 => x1; formula (2+rank)/2
F11: +1 | G11: 1.5 | H11: Rank +1 => x1.5; formula (2+rank)/2
A12: Score Difficulty Multiplier | B12: 100 | C12: score | D12: 스테이지 점수 난이도 계수 | F12: +2 | G12: 2 | H12: Rank +2 => x2; formula (2+rank)/2
A13: Score Remaining Move Multiplier | B13: 20 | C13: score | D13: 남은 보드 이동 횟수 점수 계수 | F13: +3 | G13: 2.5 | H13: Rank +3 => x2.5; formula (2+rank)/2
A14: Score OverCost Multiplier | B14: 5 | C14: score | D14: 남는 코스트 점수 계수 | F14: +4 | G14: 3 | H14: Rank +4 => x3; formula (2+rank)/2
A15: Score Turn Penalty | B15: 10 | C15: score | D15: 전투 턴 수마다 차감 | F15: +5 | G15: 3.5 | H15: Rank +5 => x3.5; formula (2+rank)/2
A16: Minimum Stage Score | B16: 0 | C16: score | D16: 스테이지 점수 하한 | F16: +6 | G16: 4 | H16: Rank +6 => x4; formula (2+rank)/2
A18: Enhanced Strength Multiplier | B18: 1.5 | C18: x | D18: EnemyAiStrength.Enhanced 스킬/기본 행동 보정 | F18: Critical Rank | G18: +20%p per rank | H18: CriticalChance = baseCriticalChance + rank*0.2, clamped 0..1; rank range 0..4.
A19: Balanced Attack Weight | B19: 50 | C19: weight | D19: EnemyAiActionBias.Balanced
A20: Balanced Defense Weight | B20: 50 | C20: weight | D20: EnemyAiActionBias.Balanced
A21: AttackHeavy Attack Weight | B21: 80 | C21: weight | D21: EnemyAiActionBias.AttackHeavy
A22: AttackHeavy Defense Weight | B22: 20 | C22: weight | D22: EnemyAiActionBias.AttackHeavy
A23: DefenseHeavy Attack Weight | B23: 20 | C23: weight | D23: EnemyAiActionBias.DefenseHeavy
A24: DefenseHeavy Defense Weight | B24: 80 | C24: weight | D24: EnemyAiActionBias.DefenseHeavy
A25: Default Debuff Interval | B25: 3 | C25: turns | D25: 기본 적 디버프 시도 주기
A26: Total Board Moves | B26: =$B$6+$B$7 | C26: moves | D26: Initial Board Moves + Board Move Bonus
A27: Expected Turn Cost | B27: =$B$26*$B$8 | C27: cost | D27: Total Board Moves * Expected Cost per Move
A29: Player Base Defense Power | B29: 2 | C29: stat | D29: 피해 계산에서 플레이어 방어 분모
A30: Critical Chance | B30: 0.1 | C30: chance | D30: PlayerSO.criticalChance
A31: Critical Damage Multiplier | B31: 1.5 | C31: x | D31: PlayerSO.criticalDamageMultiplier
A32: Starting Skills | B32: 빛 발사, 낮은 자세, 섬광 | C32: skills | D32: PlayerSO.startingSkills
A33: Sim Target Defense | B33: 1 | C33: stat | D33: 스킬 예상 피해 계산용 기본 적 방어
A34: Sim Shield Stat | B34: 30 | C34: shield | D34: ShieldHp 기반 공격 예상 피해용 보호막 가정
A35: Damage Variance Average | B35: 0.925 | C35: x | D35: DamageCalculator 0.85~1.0 평균
A36: Final Stage Index | B36: 20 | C36: stage | D36: BattleScene StageFlowController.finalStageIndex
A37: Elite Interval | B37: 5 | C37: stage | D37: BattleScene StageFlowController.eliteInterval

Sheet TileCost
A1: 타일 코스트 곡선
A2: 현재 CostConverter.ConvertTileToCost log2 기반 단일 타일 코스트입니다.
A4: Tier | B4: Tile | C4: Current Cost | D4: Target Cost | E4: Cost / Tile | F4: Target Delta | G4: 메모
A5: 1 | B5: 2 | C5: 3 | D5: 3 | E5: =IF($B5=0,"",$D5/$B5) | F5: =$D5-$C5 | G5: log2(tile) * 3
A6: 2 | B6: 4 | C6: 6 | D6: 6 | E6: =IF($B6=0,"",$D6/$B6) | F6: =$D6-$C6 | G6: log2(tile) * 3
A7: 3 | B7: 8 | C7: 9 | D7: 9 | E7: =IF($B7=0,"",$D7/$B7) | F7: =$D7-$C7 | G7: log2(tile) * 3
A8: 4 | B8: 16 | C8: 12 | D8: 12 | E8: =IF($B8=0,"",$D8/$B8) | F8: =$D8-$C8 | G8: log2(tile) * 3
A9: 5 | B9: 32 | C9: 15 | D9: 15 | E9: =IF($B9=0,"",$D9/$B9) | F9: =$D9-$C9 | G9: log2(tile) * 3
A10: 6 | B10: 64 | C10: 18 | D10: 18 | E10: =IF($B10=0,"",$D10/$B10) | F10: =$D10-$C10 | G10: log2(tile) * 3
A11: 7 | B11: 128 | C11: 21 | D11: 21 | E11: =IF($B11=0,"",$D11/$B11) | F11: =$D11-$C11 | G11: log2(tile) * 3
A12: 8 | B12: 256 | C12: 24 | D12: 24 | E12: =IF($B12=0,"",$D12/$B12) | F12: =$D12-$C12 | G12: log2(tile) * 3
A13: 9 | B13: 512 | C13: 27 | D13: 27 | E13: =IF($B13=0,"",$D13/$B13) | F13: =$D13-$C13 | G13: log2(tile) * 3
A14: 10 | B14: 1024 | C14: 30 | D14: 30 | E14: =IF($B14=0,"",$D14/$B14) | F14: =$D14-$C14 | G14: log2(tile) * 3
A15: 11 | B15: 2048 | C15: 33 | D15: 33 | E15: =IF($B15=0,"",$D15/$B15) | F15: =$D15-$C15 | G15: log2(tile) * 3
A16: 12 | B16: 4096 | C16: 36 | D16: 36 | E16: =IF($B16=0,"",$D16/$B16) | F16: =$D16-$C16 | G16: log2(tile) * 3

Sheet Skills
A1: 스킬 밸런스
A2: SkillSO 41 assets synced from Assets/Data/Skills
A4: Skill ID | B4: Skill Name | C4: Type | D4: Effect Kind | E4: Damage Stat | F4: Availability | G4: Cost | H4: Power | I4: Effective Power | J4: Est Damage | K4: Shield/Heal | L4: Damage / Cost | M4: Effect Summary | N4: Description
A5: quick-stab | B5: 빠른 찌르기 | C5: Attack | D5: BasicAttack | E5: AttackPower | F5: Shared | G5: 4 | H5: 40 | I5: 40 | J5: =IF(OR($C5<>"Attack",$I5<=0),0,CEILING(($I5/10)*(IF($E5="ShieldHp",Inputs!$B$33,IF($E5="DefensePower",Inputs!$B$28,Inputs!$B$5))/MAX(1,Inputs!$B$32))*Inputs!$B$34,1)) | K5: 0 | L5: =IF($G5=0,"",$J5/$G5) | M5: 적에게 위력 40 피해를 준다. | N5: 적에게 위력 40 피해를 준다.
A6: overburn | B6: 초과연소 | C6: Attack | D6: OverburnAttack | E6: AttackPower | F6: Shared | G6: 5 | H6: 50 | I6: 50 | J6: =IF(OR($C6<>"Attack",$I6<=0),0,CEILING(($I6/10)*(IF($E6="ShieldHp",Inputs!$B$33,IF($E6="DefensePower",Inputs!$B$28,Inputs!$B$5))/MAX(1,Inputs!$B$32))*Inputs!$B$34,1)) | K6: 0 | L6: =IF($G6=0,"",$J6/$G6) | M6: 적에게 위력 50 피해를 준다. 사용 후 남은 코스트를 모두 추가 소모하고, 추가 소모한 코스트 1당 위력 +10을 적용한다. | N6: 적에게 위력 50 피해를 준다. 사용 후 남은 코스트를 모두 추가 소모하고, 추가 소모한 코스트 1당 위력 +10을 적용한다.
A7: poison-coat | B7: 독 묻히기 | C7: Attack | D7: PoisonAttack | E7: AttackPower | F7: Shared | G7: 5 | H7: 30 | I7: 30 | J7: =IF(OR($C7<>"Attack",$I7<=0),0,CEILING(($I7/10)*(IF($E7="ShieldHp",Inputs!$B$33,IF($E7="DefensePower",Inputs!$B$28,Inputs!$B$5))/MAX(1,Inputs!$B$32))*Inputs!$B$34,1)) | K7: 0 | L7: =IF($G7=0,"",$J7/$G7) | M7: 적에게 위력 30 피해를 주고 독 3턴을 부여한다. 독은 대상 턴 종료 시 최대 체력의 5% 피해를 주며 최소 1 피해를 준다. | N7: 적에게 위력 30 피해를 주고 독 3턴을 부여한다. 독은 대상 턴 종료 시 최대 체력의 5% 피해를 주며 최소 1 피해를 준다.
A8: shield-bash | B8: 방패 밀치기 | C8: Attack | D8: ShieldScalingAttack | E8: ShieldHp | F8: Shared | G8: 5 | H8: 60 | I8: 60 | J8: =IF(OR($C8<>"Attack",$I8<=0),0,CEILING(($I8/10)*(IF($E8="ShieldHp",Inputs!$B$33,IF($E8="DefensePower",Inputs!$B$28,Inputs!$B$5))/MAX(1,Inputs!$B$32))*Inputs!$B$34,1)) | K8: 0 | L8: =IF($G8=0,"",$J8/$G8) | M8: 현재 보호막 수치로 계산하여 적에게 위력 60 피해를 준다. 보호막은 소모하지 않는다. | N8: 현재 보호막 수치로 계산하여 적에게 위력 60 피해를 준다. 보호막은 소모하지 않는다.
A9: bleeding-cut | B9: 화염구 | C9: Attack | D9: OverburnAttack | E9: AttackPower | F9: Shared | G9: 6 | H9: 50 | I9: 50 | J9: =IF(OR($C9<>"Attack",$I9<=0),0,CEILING(($I9/10)*(IF($E9="ShieldHp",Inputs!$B$33,IF($E9="DefensePower",Inputs!$B$28,Inputs!$B$5))/MAX(1,Inputs!$B$32))*Inputs!$B$34,1)) | K9: 0 | L9: =IF($G9=0,"",$J9/$G9) | M9: 적에게 위력 50 피해를 준다. 사용 후 남은 코스트를 모두 추가 소모하고, 추가 소모한 코스트 1당 위력 +10을 적용한다. 화염구를 발사한다. | N9: 적에게 위력 50 피해를 준다. 사용 후 남은 코스트를 모두 추가 소모하고, 추가 소모한 코스트 1당 위력 +10을 적용한다. 화염구를 발사한다.
A10: execute | B10: 마무리 | C10: Attack | D10: ExecuteAttack | E10: AttackPower | F10: Shared | G10: 6 | H10: 40 | I10: 80 | J10: =IF(OR($C10<>"Attack",$I10<=0),0,CEILING(($I10/10)*(IF($E10="ShieldHp",Inputs!$B$33,IF($E10="DefensePower",Inputs!$B$28,Inputs!$B$5))/MAX(1,Inputs!$B$32))*Inputs!$B$34,1)) | K10: 0 | L10: =IF($G10=0,"",$J10/$G10) | M10: 적에게 위력 40 피해를 준다. 대상의 현재 체력이 최대 체력의 30% 이하라면 위력 80으로 공격한다. | N10: 적에게 위력 40 피해를 준다. 대상의 현재 체력이 최대 체력의 30% 이하라면 위력 80으로 공격한다.
A11: gather-light | B11: 빛 모으기 | C11: Attack | D11: ChargeAttack | E11: AttackPower | F11: PlayerOnly | G11: 6 | H11: 0 | I11: 0 | J11: =IF(OR($C11<>"Attack",$I11<=0),0,CEILING(($I11/10)*(IF($E11="ShieldHp",Inputs!$B$33,IF($E11="DefensePower",Inputs!$B$28,Inputs!$B$5))/MAX(1,Inputs!$B$32))*Inputs!$B$34,1)) | K11: 0 | L11: =IF($G11=0,"",$J11/$G11) | M11: 이번 턴에는 빛을 모은다. 다음 플레이어 턴 시작 시 적에게 위력 120의 빛 공격을 자동으로 사용한다. | N11: 이번 턴에는 빛을 모은다. 다음 플레이어 턴 시작 시 적에게 위력 120의 빛 공격을 자동으로 사용한다.
A12: light-shot | B12: 빛 발사 | C12: Attack | D12: BasicAttack | E12: AttackPower | F12: PlayerOnly | G12: 6 | H12: 60 | I12: 60 | J12: =IF(OR($C12<>"Attack",$I12<=0),0,CEILING(($I12/10)*(IF($E12="ShieldHp",Inputs!$B$33,IF($E12="DefensePower",Inputs!$B$28,Inputs!$B$5))/MAX(1,Inputs!$B$32))*Inputs!$B$34,1)) | K12: 0 | L12: =IF($G12=0,"",$J12/$G12) | M12: 적에게 위력 60의 빛 피해를 준다. | N12: 적에게 위력 60의 빛 피해를 준다.
A13: tentacle-strike | B13: 촉수 치기 | C13: Attack | D13: BoardMovePenaltyAttack | E13: AttackPower | F13: Shared | G13: 6 | H13: 90 | I13: 90 | J13: =IF(OR($C13<>"Attack",$I13<=0),0,CEILING(($I13/10)*(IF($E13="ShieldHp",Inputs!$B$33,IF($E13="DefensePower",Inputs!$B$28,Inputs!$B$5))/MAX(1,Inputs!$B$32))*Inputs!$B$34,1)) | K13: 0 | L13: =IF($G13=0,"",$J13/$G13) | M13: 적에게 위력 90 피해를 준다. 다음 플레이어 턴의 보드 이동 횟수가 1 감소한다. | N13: 적에게 위력 90 피해를 준다. 다음 플레이어 턴의 보드 이동 횟수가 1 감소한다.
A14: blood-fang | B14: 불사르기 | C14: Attack | D14: SacrificeAttack | E14: AttackPower | F14: Shared | G14: 7 | H14: 100 | I14: 100 | J14: =IF(OR($C14<>"Attack",$I14<=0),0,CEILING(($I14/10)*(IF($E14="ShieldHp",Inputs!$B$33,IF($E14="DefensePower",Inputs!$B$28,Inputs!$B$5))/MAX(1,Inputs!$B$32))*Inputs!$B$34,1)) | K14: 0 | L14: =IF($G14=0,"",$J14/$G14) | M14: 최대 체력의 10%를 불태워 화염구를 발사하고 적에게 위력 100 피해를 준다. 이 비용으로 체력은 1 아래로 내려가지 않는다. | N14: 최대 체력의 10%를 불태워 화염구를 발사하고 적에게 위력 100 피해를 준다. 이 비용으로 체력은 1 아래로 내려가지 않는다.
A15: body-press | B15: 육중한 압박 | C15: Attack | D15: DefenseScalingAttack | E15: DefensePower | F15: Shared | G15: 7 | H15: 80 | I15: 80 | J15: =IF(OR($C15<>"Attack",$I15<=0),0,CEILING(($I15/10)*(IF($E15="ShieldHp",Inputs!$B$33,IF($E15="DefensePower",Inputs!$B$28,Inputs!$B$5))/MAX(1,Inputs!$B$32))*Inputs!$B$34,1)) | K15: 0 | L15: =IF($G15=0,"",$J15/$G15) | M15: 공격력 대신 방어력으로 계산하여 적에게 위력 80 피해를 준다. | N15: 공격력 대신 방어력으로 계산하여 적에게 위력 80 피해를 준다.
A16: flow-strike | B16: 흐름 가르기 | C16: Attack | D16: BoardMoveBonusAttack | E16: AttackPower | F16: PlayerOnly | G16: 7 | H16: 50 | I16: 50 | J16: =IF(OR($C16<>"Attack",$I16<=0),0,CEILING(($I16/10)*(IF($E16="ShieldHp",Inputs!$B$33,IF($E16="DefensePower",Inputs!$B$28,Inputs!$B$5))/MAX(1,Inputs!$B$32))*Inputs!$B$34,1)) | K16: 0 | L16: =IF($G16=0,"",$J16/$G16) | M16: 적에게 위력 50 피해를 준다. 다음 플레이어 턴의 보드 이동 횟수가 1 증가한다. | N16: 적에게 위력 50 피해를 준다. 다음 플레이어 턴의 보드 이동 횟수가 1 증가한다.
... A18: life-drain | B18: 생명 흡수 | C18: Attack | D18: LifeStealAttack | E18: AttackPower | F18: Shared | G18: 7 | H18: 60 | I18: 60 | J18: =IF(OR($C18<>"Attack",$I18<=0),0,CEILING(($I18/10)*(IF($E18="ShieldHp",Inputs!$B$33,IF($E18="DefensePower",Inputs!$B$28,Inputs!$B$5))/MAX(1,Inputs!$B$32))*Inputs!$B$34,1)) | K18: 0 | L18: =IF($G18=0,"",$J18/$G18) | M18: 적에게 위력 60 피해를 준다. 실제 체력 피해의 50%만큼 체력을 회복한다. | N18: 적에게 위력 60 피해를 준다. 실제 체력 피해의 50%만큼 체력을 회복한다.
A19: open-wound | B19: 폭렬 | C19: Attack | D19: OverburnAttack | E19: AttackPower | F19: Shared | G19: 7 | H19: 70 | I19: 70 | J19: =IF(OR($C19<>"Attack",$I19<=0),0,CEILING(($I19/10)*(IF($E19="ShieldHp",Inputs!$B$33,IF($E19="DefensePower",Inputs!$B$28,Inputs!$B$5))/MAX(1,Inputs!$B$32))*Inputs!$B$34,1)) | K19: 0 | L19: =IF($G19=0,"",$J19/$G19) | M19: 적에게 위력 70 피해를 준다. 사용 후 남은 코스트를 모두 추가 소모하고, 추가 소모한 코스트 1당 위력 +10을 적용한다. 폭발하는 화염구를 발사하고, 적중 시 적 위치에 폭발 이펙트를 일으킨다. | N19: 적에게 위력 70 피해를 준다. 사용 후 남은 코스트를 모두 추가 소모하고, 추가 소모한 코스트 1당 위력 +10을 적용한다. 폭발하는 화염구를 발사하고, 적중 시 적 위치에 폭발 이펙트를 일으킨다.
A20: shield-burst | B20: 방패 폭발 | C20: Attack | D20: ShieldBurstAttack | E20: ShieldHp | F20: Shared | G20: 7 | H20: 100 | I20: 100 | J20: =IF(OR($C20<>"Attack",$I20<=0),0,CEILING(($I20/10)*(IF($E20="ShieldHp",Inputs!$B$33,IF($E20="DefensePower",Inputs!$B$28,Inputs!$B$5))/MAX(1,Inputs!$B$32))*Inputs!$B$34,1)) | K20: 0 | L20: =IF($G20=0,"",$J20/$G20) | M20: 현재 보호막 수치로 계산하여 적에게 위력 100 피해를 준다. 사용 후 보호막을 모두 잃는다. | N20: 현재 보호막 수치로 계산하여 적에게 위력 100 피해를 준다. 사용 후 보호막을 모두 잃는다.
A21: bioluminescence | B21: 생체 발광 | C21: Attack | D21: SacrificeAttack | E21: AttackPower | F21: PlayerOnly | G21: 8 | H21: 120 | I21: 120 | J21: =IF(OR($C21<>"Attack",$I21<=0),0,CEILING(($I21/10)*(IF($E21="ShieldHp",Inputs!$B$33,IF($E21="DefensePower",Inputs!$B$28,Inputs!$B$5))/MAX(1,Inputs!$B$32))*Inputs!$B$34,1)) | K21: 0 | L21: =IF($G21=0,"",$J21/$G21) | M21: 최대 체력의 25%를 지불하고 적에게 위력 120 피해를 준다. 이 비용으로 체력은 1 아래로 내려가지 않는다. | N21: 최대 체력의 25%를 지불하고 적에게 위력 120 피해를 준다. 이 비용으로 체력은 1 아래로 내려가지 않는다.
A22: heavy-strike | B22: 강타 | C22: Attack | D22: BasicAttack | E22: AttackPower | F22: Shared | G22: 8 | H22: 80 | I22: 80 | J22: =IF(OR($C22<>"Attack",$I22<=0),0,CEILING(($I22/10)*(IF($E22="ShieldHp",Inputs!$B$33,IF($E22="DefensePower",Inputs!$B$28,Inputs!$B$5))/MAX(1,Inputs!$B$32))*Inputs!$B$34,1)) | K22: 0 | L22: =IF($G22=0,"",$J22/$G22) | M22: 적에게 위력 80 피해를 준다. | N22: 적에게 위력 80 피해를 준다.
A23: reckless-blow | B23: 무리한 강타 | C23: Attack | D23: BoardMovePenaltyAttack | E23: AttackPower | F23: Shared | G23: 8 | H23: 110 | I23: 110 | J23: =IF(OR($C23<>"Attack",$I23<=0),0,CEILING(($I23/10)*(IF($E23="ShieldHp",Inputs!$B$33,IF($E23="DefensePower",Inputs!$B$28,Inputs!$B$5))/MAX(1,Inputs!$B$32))*Inputs!$B$34,1)) | K23: 0 | L23: =IF($G23=0,"",$J23/$G23) | M23: 적에게 위력 110 피해를 준다. 다음 플레이어 턴의 보드 이동 횟수가 2 감소한다. | N23: 적에게 위력 110 피해를 준다. 다음 플레이어 턴의 보드 이동 횟수가 2 감소한다.
A24: crack-brand | B24: 균열 낙인 | C24: Debuff | D24: CrackBrand | E24: AttackPower | F24: Shared | G24: 5 | H24: 0 | I24: 0 | J24: =IF(OR($C24<>"Attack",$I24<=0),0,CEILING(($I24/10)*(IF($E24="ShieldHp",Inputs!$B$33,IF($E24="DefensePower",Inputs!$B$28,Inputs!$B$5))/MAX(1,Inputs!$B$32))*Inputs!$B$34,1)) | K24: 0 | L24: =IF($G24=0,"",$J24/$G24) | M24: 대상에게 낙인을 부여한다. 낙인이 있는 대상이 다음 공격을 받으면 추가 피해 40을 받고 낙인이 해제된다. | N24: 대상에게 낙인을 부여한다. 낙인이 있는 대상이 다음 공격을 받으면 추가 피해 40을 받고 낙인이 해제된다.
A25: flash | B25: 섬광 | C25: Debuff | D25: AttackStageDown | E25: AttackPower | F25: Shared | G25: 5 | H25: 0 | I25: 0 | J25: =IF(OR($C25<>"Attack",$I25<=0),0,CEILING(($I25/10)*(IF($E25="ShieldHp",Inputs!$B$33,IF($E25="DefensePower",Inputs!$B$28,Inputs!$B$5))/MAX(1,Inputs!$B$32))*Inputs!$B$34,1)) | K25: 0 | L25: =IF($G25=0,"",$J25/$G25) | M25: 적의 공격 랭크를 1 낮춘다. [Rank multiplier: enemy attack -1 => attack x0.67] | N25: 적의 공격 랭크를 1 낮춘다.
A26: howl | B26: 울부짖기 | C26: Debuff | D26: DefenseStageDown | E26: AttackPower | F26: Shared | G26: 5 | H26: 0 | I26: 0 | J26: =IF(OR($C26<>"Attack",$I26<=0),0,CEILING(($I26/10)*(IF($E26="ShieldHp",Inputs!$B$33,IF($E26="DefensePower",Inputs!$B$28,Inputs!$B$5))/MAX(1,Inputs!$B$32))*Inputs!$B$34,1)) | K26: 0 | L26: =IF($G26=0,"",$J26/$G26) | M26: 적의 방어 랭크를 1 낮춘다. [Rank multiplier: enemy defense -1 => defense x0.67] | N26: 적의 방어 랭크를 1 낮춘다.
A27: taunt | B27: 도발 | C27: Debuff | D27: Taunt | E27: AttackPower | F27: PlayerOnly | G27: 5 | H27: 0 | I27: 0 | J27: =IF(OR($C27<>"Attack",$I27<=0),0,CEILING(($I27/10)*(IF($E27="ShieldHp",Inputs!$B$33,IF($E27="DefensePower",Inputs!$B$28,Inputs!$B$5))/MAX(1,Inputs!$B$32))*Inputs!$B$34,1)) | K27: 0 | L27: =IF($G27=0,"",$J27/$G27) | M27: 적의 다음 행동 인텐드를 공격으로 강제하고, 적의 공격 랭크를 2 올린다. [Rank multiplier: enemy attack +2 => attack x2] | N27: 적의 다음 행동 인텐드를 공격으로 강제하고, 적의 공격 랭크를 2 올린다.
A28: seal-skill | B28: 봉인 | C28: Debuff | D28: SealSkill | E28: AttackPower | F28: Shared | G28: 6 | H28: 0 | I28: 0 | J28: =IF(OR($C28<>"Attack",$I28<=0),0,CEILING(($I28/10)*(IF($E28="ShieldHp",Inputs!$B$33,IF($E28="DefensePower",Inputs!$B$28,Inputs!$B$5))/MAX(1,Inputs!$B$32))*Inputs!$B$34,1)) | K28: 0 | L28: =IF($G28=0,"",$J28/$G28) | M28: 대상이 마지막으로 사용한 비기본 스킬을 다음 턴 1회 사용할 수 없게 한다. 봉인할 스킬이 없으면 효과가 없다. | N28: 대상이 마지막으로 사용한 비기본 스킬을 다음 턴 1회 사용할 수 없게 한다. 봉인할 스킬이 없으면 효과가 없다.
A29: afterglow-save | B29: 잔광 저장 | C29: Defense | D29: CostCarry | E29: AttackPower | F29: PlayerOnly | G29: 4 | H29: 0 | I29: 0 | J29: =IF(OR($C29<>"Attack",$I29<=0),0,CEILING(($I29/10)*(IF($E29="ShieldHp",Inputs!$B$33,IF($E29="DefensePower",Inputs!$B$28,Inputs!$B$5))/MAX(1,Inputs!$B$32))*Inputs!$B$34,1)) | K29: 0 | L29: =IF($G29=0,"",$J29/$G29) | M29: 이번 턴 종료 시 남은 코스트를 최대 4까지 다음 턴으로 이월한다. 이월 코스트는 한 번 적용되면 사라진다. | N29: 이번 턴 종료 시 남은 코스트를 최대 4까지 다음 턴으로 이월한다. 이월 코스트는 한 번 적용되면 사라진다.
A30: cleanse-hand | B30: 정화의 손길 | C30: Defense | D30: DarknessCleanse | E30: AttackPower | F30: PlayerOnly | G30: 4 | H30: 0 | I30: 0 | J30: =IF(OR($C30<>"Attack",$I30<=0),0,CEILING(($I30/10)*(IF($E30="ShieldHp",Inputs!$B$33,IF($E30="DefensePower",Inputs!$B$28,Inputs!$B$5))/MAX(1,Inputs!$B$32))*Inputs!$B$34,1)) | K30: 0 | L30: =IF($G30=0,"",$J30/$G30) | M30: 보드 위 암흑 장애물 1개를 제거한다. 제거에 성공하면 코스트 2를 환급한다. | N30: 보드 위 암흑 장애물 1개를 제거한다. 제거에 성공하면 코스트 2를 환급한다.
A31: focus-breath | B31: 집중 호흡 | C31: Defense | D31: CriticalStageUp | E31: AttackPower | F31: Shared | G31: 4 | H31: 0 | I31: 0 | J31: =IF(OR($C31<>"Attack",$I31<=0),0,CEILING(($I31/10)*(IF($E31="ShieldHp",Inputs!$B$33,IF($E31="DefensePower",Inputs!$B$28,Inputs!$B$5))/MAX(1,Inputs!$B$32))*Inputs!$B$34,1)) | K31: 0 | L31: =IF($G31=0,"",$J31/$G31) | M31: 치명타 랭크를 1 올린다. [Critical rank: +1 => critical chance +20%p] | N31: 치명타 랭크를 1 올린다.
... A45: deep-darkness | B45: 깊은 암흑 | C45: Debuff | D45: BoardObstacleDebuff | E45: AttackPower | F45: EnemyOnly | G45: 0 | H45: 0 | I45: 0 | J45: =IF(OR($C45<>"Attack",$I45<=0),0,CEILING(($I45/10)*(IF($E45="ShieldHp",Inputs!$B$33,IF($E45="DefensePower",Inputs!$B$28,Inputs!$B$5))/MAX(1,Inputs!$B$32))*Inputs!$B$34,1)) | K45: 0 | L45: =IF($G45=0,"",$J45/$G45) | M45: 다음 플레이어 보드에 암흑 장애물 2개를 생성한다. | N45: 다음 플레이어 보드에 암흑 장애물 2개를 생성한다.

Sheet Enemies
A1: 적 로스터 / AI 압박도
A2: Assets/Data/Enemies/*.asset 12종을 현재 스탯, 스킬 4칸, AI 설정 기준으로 갱신했습니다.
A4: Enemy | B4: Encounter Rank | C4: AI Strength | D4: AI Bias | E4: Debuff Pattern | F4: Max HP | G4: Attack Stat | H4: Defense Stat | I4: Defense Block | J4: Debuff Power | K4: Crit % | L4: Crit Mult | M4: Actions / Turn | N4: Debuff Interval | O4: Skill 1 | P4: Skill 2 | Q4: Skill 3 | R4: Skill 4 | S4: Attack Chance | T4: Defense Chance | U4: Strength Mult | V4: Eff Attack | W4: Eff Block | X4: Exp Atk / Turn | Y4: TTK Best Hit | Z4: Risk Score | AA4: Notes
A5: 그림자 늑대 | B5: Normal | C5: Normal | D5: Balanced | E5: FearThenDarkness | F5: 150 | G5: 5 | H5: 0 | I5: 3 | J5: 1 | K5: 0 | L5: 1.5 | M5: 1 | N5: 3 | O5: 빠른 찌르기 | P5: 출혈 베기 | Q5: 낮은 자세 | R5: 울부짖기 | S5: =IF($D5="AttackHeavy",Inputs!$B$21/(Inputs!$B$21+Inputs!$B$22),IF($D5="DefenseHeavy",Inputs!$B$23/(Inputs!$B$23+Inputs!$B$24),Inputs!$B$19/(Inputs!$B$19+Inputs!$B$20))) | T5: =1-$S5 | U5: =IF($C5="Enhanced",Inputs!$B$18,1) | V5: =CEILING($G5*$U5,1) | W5: =CEILING($I5*$U5,1) | X5: =CEILING(($V5)*($G5/MAX(1,Inputs!$B$29))*Inputs!$B$35,1)*$S5*$M5 | Y5: =IF(MAX(Skills!$J$5:$J$46)>0,CEILING($F5/MAX(Skills!$J$5:$J$46),1),"") | Z5: =ROUND(($X5*2)+($W5*0.4)+($F5/30)+($M5*4)+($K5*20)+($Y5*1.5),1) | AA5: Assets/Data/Enemies/01.asset
A6: 속박된 전율 | B6: Normal | C6: Normal | D6: Balanced | E6: FearThenDarkness | F6: 190 | G6: 5 | H6: 0 | I6: 5 | J6: 2 | K6: 0 | L6: 1.5 | M6: 1 | N6: 3 | O6: 철벽 | P6: 육중한 압박 | Q6: 방어 읽기 | R6: 낮은 자세 | S6: =IF($D6="AttackHeavy",Inputs!$B$21/(Inputs!$B$21+Inputs!$B$22),IF($D6="DefenseHeavy",Inputs!$B$23/(Inputs!$B$23+Inputs!$B$24),Inputs!$B$19/(Inputs!$B$19+Inputs!$B$20))) | T6: =1-$S6 | U6: =IF($C6="Enhanced",Inputs!$B$18,1) | V6: =CEILING($G6*$U6,1) | W6: =CEILING($I6*$U6,1) | X6: =CEILING(($V6)*($G6/MAX(1,Inputs!$B$29))*Inputs!$B$35,1)*$S6*$M6 | Y6: =IF(MAX(Skills!$J$5:$J$46)>0,CEILING($F6/MAX(Skills!$J$5:$J$46),1),"") | Z6: =ROUND(($X6*2)+($W6*0.4)+($F6/30)+($M6*4)+($K6*20)+($Y6*1.5),1) | AA6: Assets/Data/Enemies/02.asset
A7: 거짓된 미소 | B7: Normal | C7: Normal | D7: Balanced | E7: DarknessThenFear | F7: 140 | G7: 4 | H7: 0 | I7: 4 | J7: 2 | K7: 0 | L7: 1.5 | M7: 1 | N7: 3 | O7: 독 묻히기 | P7: 어둠의 족쇄 | Q7: 강타 | R7: 낮은 자세 | S7: =IF($D7="AttackHeavy",Inputs!$B$21/(Inputs!$B$21+Inputs!$B$22),IF($D7="DefenseHeavy",Inputs!$B$23/(Inputs!$B$23+Inputs!$B$24),Inputs!$B$19/(Inputs!$B$19+Inputs!$B$20))) | T7: =1-$S7 | U7: =IF($C7="Enhanced",Inputs!$B$18,1) | V7: =CEILING($G7*$U7,1) | W7: =CEILING($I7*$U7,1) | X7: =CEILING(($V7)*($G7/MAX(1,Inputs!$B$29))*Inputs!$B$35,1)*$S7*$M7 | Y7: =IF(MAX(Skills!$J$5:$J$46)>0,CEILING($F7/MAX(Skills!$J$5:$J$46),1),"") | Z7: =ROUND(($X7*2)+($W7*0.4)+($F7/30)+($M7*4)+($K7*20)+($Y7*1.5),1) | AA7: Assets/Data/Enemies/03.asset
A8: 푸른심장 | B8: Normal | C8: Normal | D8: Balanced | E8: DarknessThenFear | F8: 180 | G8: 5 | H8: 0 | I8: 4 | J8: 2 | K8: 0 | L8: 1.5 | M8: 1 | N8: 3 | O8: 균열 낙인 | P8: 어둠의 족쇄 | Q8: 낮은 자세 | R8: 봉인 | S8: =IF($D8="AttackHeavy",Inputs!$B$21/(Inputs!$B$21+Inputs!$B$22),IF($D8="DefenseHeavy",Inputs!$B$23/(Inputs!$B$23+Inputs!$B$24),Inputs!$B$19/(Inputs!$B$19+Inputs!$B$20))) | T8: =1-$S8 | U8: =IF($C8="Enhanced",Inputs!$B$18,1) | V8: =CEILING($G8*$U8,1) | W8: =CEILING($I8*$U8,1) | X8: =CEILING(($V8)*($G8/MAX(1,Inputs!$B$29))*Inputs!$B$35,1)*$S8*$M8 | Y8: =IF(MAX(Skills!$J$5:$J$46)>0,CEILING($F8/MAX(Skills!$J$5:$J$46),1),"") | Z8: =ROUND(($X8*2)+($W8*0.4)+($F8/30)+($M8*4)+($K8*20)+($Y8*1.5),1) | AA8: Assets/Data/Enemies/04.asset
A9: 푸른귀 들쥐 | B9: Elite | C9: Enhanced | D9: AttackHeavy | E9: FearThenDarkness | F9: 150 | G9: 6 | H9: 0 | I9: 2 | J9: 1 | K9: 0 | L9: 1.5 | M9: 2 | N9: 3 | O9: 빠른 찌르기 | P9: 마무리 | Q9: 낮은 자세 | R9: 출혈 베기 | S9: =IF($D9="AttackHeavy",Inputs!$B$21/(Inputs!$B$21+Inputs!$B$22),IF($D9="DefenseHeavy",Inputs!$B$23/(Inputs!$B$23+Inputs!$B$24),Inputs!$B$19/(Inputs!$B$19+Inputs!$B$20))) | T9: =1-$S9 | U9: =IF($C9="Enhanced",Inputs!$B$18,1) | V9: =CEILING($G9*$U9,1) | W9: =CEILING($I9*$U9,1) | X9: =CEILING(($V9)*($G9/MAX(1,Inputs!$B$29))*Inputs!$B$35,1)*$S9*$M9 | Y9: =IF(MAX(Skills!$J$5:$J$46)>0,CEILING($F9/MAX(Skills!$J$5:$J$46),1),"") | Z9: =ROUND(($X9*2)+($W9*0.4)+($F9/30)+($M9*4)+($K9*20)+($Y9*1.5),1) | AA9: Assets/Data/Enemies/05.asset
A10: 물결치는 역병 | B10: Normal | C10: Enhanced | D10: AttackHeavy | E10: FearThenDarkness | F10: 210 | G10: 7 | H10: 0 | I10: 3 | J10: 2 | K10: 0 | L10: 1.5 | M10: 2 | N10: 2 | O10: 생명 흡수 | P10: 피의 이빨 | Q10: 이악물기 | R10: 상처 벌리기 | S10: =IF($D10="AttackHeavy",Inputs!$B$21/(Inputs!$B$21+Inputs!$B$22),IF($D10="DefenseHeavy",Inputs!$B$23/(Inputs!$B$23+Inputs!$B$24),Inputs!$B$19/(Inputs!$B$19+Inputs!$B$20))) | T10: =1-$S10 | U10: =IF($C10="Enhanced",Inputs!$B$18,1) | V10: =CEILING($G10*$U10,1) | W10: =CEILING($I10*$U10,1) | X10: =CEILING(($V10)*($G10/MAX(1,Inputs!$B$29))*Inputs!$B$35,1)*$S10*$M10 | Y10: =IF(MAX(Skills!$J$5:$J$46)>0,CEILING($F10/MAX(Skills!$J$5:$J$46),1),"") | Z10: =ROUND(($X10*2)+($W10*0.4)+($F10/30)+($M10*4)+($K10*20)+($Y10*1.5),1) | AA10: Assets/Data/Enemies/06.asset
A11: 외눈 추적자 | B11: Normal | C11: Normal | D11: AttackHeavy | E11: DarknessThenFear | F11: 170 | G11: 6 | H11: 0 | I11: 3 | J11: 2 | K11: 0 | L11: 1.5 | M11: 2 | N11: 3 | O11: 독 묻히기 | P11: 어둠의 족쇄 | Q11: 상처 벌리기 | R11: 낮은 자세 | S11: =IF($D11="AttackHeavy",Inputs!$B$21/(Inputs!$B$21+Inputs!$B$22),IF($D11="DefenseHeavy",Inputs!$B$23/(Inputs!$B$23+Inputs!$B$24),Inputs!$B$19/(Inputs!$B$19+Inputs!$B$20))) | T11: =1-$S11 | U11: =IF($C11="Enhanced",Inputs!$B$18,1) | V11: =CEILING($G11*$U11,1) | W11: =CEILING($I11*$U11,1) | X11: =CEILING(($V11)*($G11/MAX(1,Inputs!$B$29))*Inputs!$B$35,1)*$S11*$M11 | Y11: =IF(MAX(Skills!$J$5:$J$46)>0,CEILING($F11/MAX(Skills!$J$5:$J$46),1),"") | Z11: =ROUND(($X11*2)+($W11*0.4)+($F11/30)+($M11*4)+($K11*20)+($Y11*1.5),1) | AA11: Assets/Data/Enemies/07.asset
A12: 카르민느 | B12: Normal | C12: Enhanced | D12: AttackHeavy | E12: DarknessThenFear | F12: 220 | G12: 7 | H12: 0 | I12: 3 | J12: 2 | K12: 0 | L12: 1.5 | M12: 2 | N12: 2 | O12: 초과연소 | P12: 어둠의 족쇄 | Q12: 마무리 | R12: 낮은 자세 | S12: =IF($D12="AttackHeavy",Inputs!$B$21/(Inputs!$B$21+Inputs!$B$22),IF($D12="DefenseHeavy",Inputs!$B$23/(Inputs!$B$23+Inputs!$B$24),Inputs!$B$19/(Inputs!$B$19+Inputs!$B$20))) | T12: =1-$S12 | U12: =IF($C12="Enhanced",Inputs!$B$18,1) | V12: =CEILING($G12*$U12,1) | W12: =CEILING($I12*$U12,1) | X12: =CEILING(($V12)*($G12/MAX(1,Inputs!$B$29))*Inputs!$B$35,1)*$S12*$M12 | Y12: =IF(MAX(Skills!$J$5:$J$46)>0,CEILING($F12/MAX(Skills!$J$5:$J$46),1),"") | Z12: =ROUND(($X12*2)+($W12*0.4)+($F12/30)+($M12*4)+($K12*20)+($Y12*1.5),1) | AA12: Assets/Data/Enemies/08.asset
A13: 소용돌이치는 혼돈 | B13: Normal | C13: Normal | D13: DefenseHeavy | E13: FearThenDarkness | F13: 180 | G13: 5 | H13: 0 | I13: 5 | J13: 1 | K13: 0 | L13: 1.5 | M13: 2 | N13: 3 | O13: 낮은 자세 | P13: 가시 방어 | Q13: 방패 밀치기 | R13: 균열 낙인 | S13: =IF($D13="AttackHeavy",Inputs!$B$21/(Inputs!$B$21+Inputs!$B$22),IF($D13="DefenseHeavy",Inputs!$B$23/(Inputs!$B$23+Inputs!$B$24),Inputs!$B$19/(Inputs!$B$19+Inputs!$B$20))) | T13: =1-$S13 | U13: =IF($C13="Enhanced",Inputs!$B$18,1) | V13: =CEILING($G13*$U13,1) | W13: =CEILING($I13*$U13,1) | X13: =CEILING(($V13)*($G13/MAX(1,Inputs!$B$29))*Inputs!$B$35,1)*$S13*$M13 | Y13: =IF(MAX(Skills!$J$5:$J$46)>0,CEILING($F13/MAX(Skills!$J$5:$J$46),1),"") | Z13: =ROUND(($X13*2)+($W13*0.4)+($F13/30)+($M13*4)+($K13*20)+($Y13*1.5),1) | AA13: Assets/Data/Enemies/09.asset
A14: 나선뿔 목동 | B14: Elite | C14: Enhanced | D14: DefenseHeavy | E14: FearThenDarkness | F14: 240 | G14: 5 | H14: 0 | I14: 6 | J14: 2 | K14: 0 | L14: 1.5 | M14: 3 | N14: 3 | O14: 철벽 | P14: 육중한 압박 | Q14: 상처 벌리기 | R14: 방어 읽기 | S14: =IF($D14="AttackHeavy",Inputs!$B$21/(Inputs!$B$21+Inputs!$B$22),IF($D14="DefenseHeavy",Inputs!$B$23/(Inputs!$B$23+Inputs!$B$24),Inputs!$B$19/(Inputs!$B$19+Inputs!$B$20))) | T14: =1-$S14 | U14: =IF($C14="Enhanced",Inputs!$B$18,1) | V14: =CEILING($G14*$U14,1) | W14: =CEILING($I14*$U14,1) | X14: =CEILING(($V14)*($G14/MAX(1,Inputs!$B$29))*Inputs!$B$35,1)*$S14*$M14 | Y14: =IF(MAX(Skills!$J$5:$J$46)>0,CEILING($F14/MAX(Skills!$J$5:$J$46),1),"") | Z14: =ROUND(($X14*2)+($W14*0.4)+($F14/30)+($M14*4)+($K14*20)+($Y14*1.5),1) | AA14: Assets/Data/Enemies/10.asset
A15: 다층 갑각 | B15: Boss | C15: Enhanced | D15: DefenseHeavy | E15: DarknessThenFear | F15: 200 | G15: 4 | H15: 0 | I15: 6 | J15: 1 | K15: 0 | L15: 1.5 | M15: 3 | N15: 4 | O15: 깊은 암흑 | P15: 어둠의 족쇄 | Q15: 가시 방어 | R15: 봉인 | S15: =IF($D15="AttackHeavy",Inputs!$B$21/(Inputs!$B$21+Inputs!$B$22),IF($D15="DefenseHeavy",Inputs!$B$23/(Inputs!$B$23+Inputs!$B$24),Inputs!$B$19/(Inputs!$B$19+Inputs!$B$20))) | T15: =1-$S15 | U15: =IF($C15="Enhanced",Inputs!$B$18,1) | V15: =CEILING($G15*$U15,1) | W15: =CEILING($I15*$U15,1) | X15: =CEILING(($V15)*($G15/MAX(1,Inputs!$B$29))*Inputs!$B$35,1)*$S15*$M15 | Y15: =IF(MAX(Skills!$J$5:$J$46)>0,CEILING($F15/MAX(Skills!$J$5:$J$46),1),"") | Z15: =ROUND(($X15*2)+($W15*0.4)+($F15/30)+($M15*4)+($K15*20)+($Y15*1.5),1) | AA15: Assets/Data/Enemies/11.asset
A16: 네크릴라 | B16: FinalBoss | C16: Enhanced | D16: DefenseHeavy | E16: DarknessThenFear | F16: 230 | G16: 5 | H16: 0 | I16: 6 | J16: 2 | K16: 0 | L16: 1.5 | M16: 3 | N16: 3 | O16: 깊은 암흑 | P16: 검은 부식 | Q16: 가시 방어 | R16: 마무리 | S16: =IF($D16="AttackHeavy",Inputs!$B$21/(Inputs!$B$21+Inputs!$B$22),IF($D16="DefenseHeavy",Inputs!$B$23/(Inputs!$B$23+Inputs!$B$24),Inputs!$B$19/(Inputs!$B$19+Inputs!$B$20))) | T16: =1-$S16 | U16: =IF($C16="Enhanced",Inputs!$B$18,1) | V16: =CEILING($G16*$U16,1) | W16: =CEILING($I16*$U16,1) | X16: =CEILING(($V16)*($G16/MAX(1,Inputs!$B$29))*Inputs!$B$35,1)*$S16*$M16 | Y16: =IF(MAX(Skills!$J$5:$J$46)>0,CEILING($F16/MAX(Skills!$J$5:$J$46),1),"") | Z16: =ROUND(($X16*2)+($W16*0.4)+($F16/30)+($M16*4)+($K16*20)+($Y16*1.5),1) | AA16: Assets/Data/Enemies/12.asset

Sheet CombatSim
A1: 전투 시뮬레이션
A2: 20스테이지 흐름과 현재 스킬/적 스탯을 연결한 단순 밸런스 점검표입니다.
A4: Stage | B4: Enemy | C4: Planned Turns | D4: Remaining Moves | E4: OverCost | F4: Main Attack Skill | G4: Main Defense Skill | H4: Enemy HP | I4: Attack Damage | J4: Hits Needed | K4: Enemy Exp Atk | L4: Block / Turn | M4: Expected Net Damage | N4: HP Risk | O4: Score | P4: Status | Q4: Notes
A5: 1 | B5: 그림자 늑대 | C5: 6 | D5: 0 | E5: 0 | F5: 빛 발사 | G5: 낮은 자세 | H5: =IFERROR(INDEX(Enemies!$F$5:$F$16,MATCH($B5,Enemies!$A$5:$A$16,0)),"") | I5: =IFERROR(INDEX(Skills!$J$5:$J$46,MATCH($F5,Skills!$B$5:$B$46,0)),0) | J5: =IF(OR($H5="",$I5<=0),"",CEILING($H5/$I5,1)) | K5: =IFERROR(INDEX(Enemies!$X$5:$X$16,MATCH($B5,Enemies!$A$5:$A$16,0)),0) | L5: =IFERROR(INDEX(Skills!$K$5:$K$46,MATCH($G5,Skills!$B$5:$B$46,0)),0) | M5: =MAX(0,$C5*$K5-$C5*$L5) | N5: =IF(Inputs!$B$4>0,$M5/Inputs!$B$4,0) | O5: =MAX(Inputs!$B$16,IFERROR(INDEX(Enemies!$Z$5:$Z$16,MATCH($B5,Enemies!$A$5:$A$16,0)),0)*Inputs!$B$12+$D5*Inputs!$B$13+$E5*Inputs!$B$14-$C5*Inputs!$B$15) | P5: =IF($J5="","스킬 확인",IF($C5<$J5,"공격 부족",IF($N5>=1,"위험",IF($N5>=0.6,"주의","OK")))) | Q5: Normal
A6: 2 | B6: 속박된 전율 | C6: 6 | D6: 0 | E6: 0 | F6: 빛 발사 | G6: 낮은 자세 | H6: =IFERROR(INDEX(Enemies!$F$5:$F$16,MATCH($B6,Enemies!$A$5:$A$16,0)),"") | I6: =IFERROR(INDEX(Skills!$J$5:$J$46,MATCH($F6,Skills!$B$5:$B$46,0)),0) | J6: =IF(OR($H6="",$I6<=0),"",CEILING($H6/$I6,1)) | K6: =IFERROR(INDEX(Enemies!$X$5:$X$16,MATCH($B6,Enemies!$A$5:$A$16,0)),0) | L6: =IFERROR(INDEX(Skills!$K$5:$K$46,MATCH($G6,Skills!$B$5:$B$46,0)),0) | M6: =MAX(0,$C6*$K6-$C6*$L6) | N6: =IF(Inputs!$B$4>0,$M6/Inputs!$B$4,0) | O6: =MAX(Inputs!$B$16,IFERROR(INDEX(Enemies!$Z$5:$Z$16,MATCH($B6,Enemies!$A$5:$A$16,0)),0)*Inputs!$B$12+$D6*Inputs!$B$13+$E6*Inputs!$B$14-$C6*Inputs!$B$15) | P6: =IF($J6="","스킬 확인",IF($C6<$J6,"공격 부족",IF($N6>=1,"위험",IF($N6>=0.6,"주의","OK")))) | Q6: Normal
A7: 3 | B7: 거짓된 미소 | C7: 6 | D7: 0 | E7: 0 | F7: 빛 발사 | G7: 낮은 자세 | H7: =IFERROR(INDEX(Enemies!$F$5:$F$16,MATCH($B7,Enemies!$A$5:$A$16,0)),"") | I7: =IFERROR(INDEX(Skills!$J$5:$J$46,MATCH($F7,Skills!$B$5:$B$46,0)),0) | J7: =IF(OR($H7="",$I7<=0),"",CEILING($H7/$I7,1)) | K7: =IFERROR(INDEX(Enemies!$X$5:$X$16,MATCH($B7,Enemies!$A$5:$A$16,0)),0) | L7: =IFERROR(INDEX(Skills!$K$5:$K$46,MATCH($G7,Skills!$B$5:$B$46,0)),0) | M7: =MAX(0,$C7*$K7-$C7*$L7) | N7: =IF(Inputs!$B$4>0,$M7/Inputs!$B$4,0) | O7: =MAX(Inputs!$B$16,IFERROR(INDEX(Enemies!$Z$5:$Z$16,MATCH($B7,Enemies!$A$5:$A$16,0)),0)*Inputs!$B$12+$D7*Inputs!$B$13+$E7*Inputs!$B$14-$C7*Inputs!$B$15) | P7: =IF($J7="","스킬 확인",IF($C7<$J7,"공격 부족",IF($N7>=1,"위험",IF($N7>=0.6,"주의","OK")))) | Q7: Normal
A8: 4 | B8: 푸른심장 | C8: 6 | D8: 0 | E8: 0 | F8: 빛 발사 | G8: 낮은 자세 | H8: =IFERROR(INDEX(Enemies!$F$5:$F$16,MATCH($B8,Enemies!$A$5:$A$16,0)),"") | I8: =IFERROR(INDEX(Skills!$J$5:$J$46,MATCH($F8,Skills!$B$5:$B$46,0)),0) | J8: =IF(OR($H8="",$I8<=0),"",CEILING($H8/$I8,1)) | K8: =IFERROR(INDEX(Enemies!$X$5:$X$16,MATCH($B8,Enemies!$A$5:$A$16,0)),0) | L8: =IFERROR(INDEX(Skills!$K$5:$K$46,MATCH($G8,Skills!$B$5:$B$46,0)),0) | M8: =MAX(0,$C8*$K8-$C8*$L8) | N8: =IF(Inputs!$B$4>0,$M8/Inputs!$B$4,0) | O8: =MAX(Inputs!$B$16,IFERROR(INDEX(Enemies!$Z$5:$Z$16,MATCH($B8,Enemies!$A$5:$A$16,0)),0)*Inputs!$B$12+$D8*Inputs!$B$13+$E8*Inputs!$B$14-$C8*Inputs!$B$15) | P8: =IF($J8="","스킬 확인",IF($C8<$J8,"공격 부족",IF($N8>=1,"위험",IF($N8>=0.6,"주의","OK")))) | Q8: Normal
A9: 5 | B9: 푸른귀 들쥐 | C9: 8 | D9: 0 | E9: 0 | F9: 빛 발사 | G9: 낮은 자세 | H9: =IFERROR(INDEX(Enemies!$F$5:$F$16,MATCH($B9,Enemies!$A$5:$A$16,0)),"") | I9: =IFERROR(INDEX(Skills!$J$5:$J$46,MATCH($F9,Skills!$B$5:$B$46,0)),0) | J9: =IF(OR($H9="",$I9<=0),"",CEILING($H9/$I9,1)) | K9: =IFERROR(INDEX(Enemies!$X$5:$X$16,MATCH($B9,Enemies!$A$5:$A$16,0)),0) | L9: =IFERROR(INDEX(Skills!$K$5:$K$46,MATCH($G9,Skills!$B$5:$B$46,0)),0) | M9: =MAX(0,$C9*$K9-$C9*$L9) | N9: =IF(Inputs!$B$4>0,$M9/Inputs!$B$4,0) | O9: =MAX(Inputs!$B$16,IFERROR(INDEX(Enemies!$Z$5:$Z$16,MATCH($B9,Enemies!$A$5:$A$16,0)),0)*Inputs!$B$12+$D9*Inputs!$B$13+$E9*Inputs!$B$14-$C9*Inputs!$B$15) | P9: =IF($J9="","스킬 확인",IF($C9<$J9,"공격 부족",IF($N9>=1,"위험",IF($N9>=0.6,"주의","OK")))) | Q9: Elite
A10: 6 | B10: 물결치는 역병 | C10: 8 | D10: 0 | E10: 0 | F10: 빛 발사 | G10: 낮은 자세 | H10: =IFERROR(INDEX(Enemies!$F$5:$F$16,MATCH($B10,Enemies!$A$5:$A$16,0)),"") | I10: =IFERROR(INDEX(Skills!$J$5:$J$46,MATCH($F10,Skills!$B$5:$B$46,0)),0) | J10: =IF(OR($H10="",$I10<=0),"",CEILING($H10/$I10,1)) | K10: =IFERROR(INDEX(Enemies!$X$5:$X$16,MATCH($B10,Enemies!$A$5:$A$16,0)),0) | L10: =IFERROR(INDEX(Skills!$K$5:$K$46,MATCH($G10,Skills!$B$5:$B$46,0)),0) | M10: =MAX(0,$C10*$K10-$C10*$L10) | N10: =IF(Inputs!$B$4>0,$M10/Inputs!$B$4,0) | O10: =MAX(Inputs!$B$16,IFERROR(INDEX(Enemies!$Z$5:$Z$16,MATCH($B10,Enemies!$A$5:$A$16,0)),0)*Inputs!$B$12+$D10*Inputs!$B$13+$E10*Inputs!$B$14-$C10*Inputs!$B$15) | P10: =IF($J10="","스킬 확인",IF($C10<$J10,"공격 부족",IF($N10>=1,"위험",IF($N10>=0.6,"주의","OK")))) | Q10: Normal
A11: 7 | B11: 외눈 추적자 | C11: 8 | D11: 0 | E11: 0 | F11: 빛 발사 | G11: 낮은 자세 | H11: =IFERROR(INDEX(Enemies!$F$5:$F$16,MATCH($B11,Enemies!$A$5:$A$16,0)),"") | I11: =IFERROR(INDEX(Skills!$J$5:$J$46,MATCH($F11,Skills!$B$5:$B$46,0)),0) | J11: =IF(OR($H11="",$I11<=0),"",CEILING($H11/$I11,1)) | K11: =IFERROR(INDEX(Enemies!$X$5:$X$16,MATCH($B11,Enemies!$A$5:$A$16,0)),0) | L11: =IFERROR(INDEX(Skills!$K$5:$K$46,MATCH($G11,Skills!$B$5:$B$46,0)),0) | M11: =MAX(0,$C11*$K11-$C11*$L11) | N11: =IF(Inputs!$B$4>0,$M11/Inputs!$B$4,0) | O11: =MAX(Inputs!$B$16,IFERROR(INDEX(Enemies!$Z$5:$Z$16,MATCH($B11,Enemies!$A$5:$A$16,0)),0)*Inputs!$B$12+$D11*Inputs!$B$13+$E11*Inputs!$B$14-$C11*Inputs!$B$15) | P11: =IF($J11="","스킬 확인",IF($C11<$J11,"공격 부족",IF($N11>=1,"위험",IF($N11>=0.6,"주의","OK")))) | Q11: Normal
A12: 8 | B12: 카르민느 | C12: 8 | D12: 0 | E12: 0 | F12: 빛 발사 | G12: 낮은 자세 | H12: =IFERROR(INDEX(Enemies!$F$5:$F$16,MATCH($B12,Enemies!$A$5:$A$16,0)),"") | I12: =IFERROR(INDEX(Skills!$J$5:$J$46,MATCH($F12,Skills!$B$5:$B$46,0)),0) | J12: =IF(OR($H12="",$I12<=0),"",CEILING($H12/$I12,1)) | K12: =IFERROR(INDEX(Enemies!$X$5:$X$16,MATCH($B12,Enemies!$A$5:$A$16,0)),0) | L12: =IFERROR(INDEX(Skills!$K$5:$K$46,MATCH($G12,Skills!$B$5:$B$46,0)),0) | M12: =MAX(0,$C12*$K12-$C12*$L12) | N12: =IF(Inputs!$B$4>0,$M12/Inputs!$B$4,0) | O12: =MAX(Inputs!$B$16,IFERROR(INDEX(Enemies!$Z$5:$Z$16,MATCH($B12,Enemies!$A$5:$A$16,0)),0)*Inputs!$B$12+$D12*Inputs!$B$13+$E12*Inputs!$B$14-$C12*Inputs!$B$15) | P12: =IF($J12="","스킬 확인",IF($C12<$J12,"공격 부족",IF($N12>=1,"위험",IF($N12>=0.6,"주의","OK")))) | Q12: Normal
A13: 9 | B13: 소용돌이치는 혼돈 | C13: 8 | D13: 0 | E13: 0 | F13: 빛 발사 | G13: 낮은 자세 | H13: =IFERROR(INDEX(Enemies!$F$5:$F$16,MATCH($B13,Enemies!$A$5:$A$16,0)),"") | I13: =IFERROR(INDEX(Skills!$J$5:$J$46,MATCH($F13,Skills!$B$5:$B$46,0)),0) | J13: =IF(OR($H13="",$I13<=0),"",CEILING($H13/$I13,1)) | K13: =IFERROR(INDEX(Enemies!$X$5:$X$16,MATCH($B13,Enemies!$A$5:$A$16,0)),0) | L13: =IFERROR(INDEX(Skills!$K$5:$K$46,MATCH($G13,Skills!$B$5:$B$46,0)),0) | M13: =MAX(0,$C13*$K13-$C13*$L13) | N13: =IF(Inputs!$B$4>0,$M13/Inputs!$B$4,0) | O13: =MAX(Inputs!$B$16,IFERROR(INDEX(Enemies!$Z$5:$Z$16,MATCH($B13,Enemies!$A$5:$A$16,0)),0)*Inputs!$B$12+$D13*Inputs!$B$13+$E13*Inputs!$B$14-$C13*Inputs!$B$15) | P13: =IF($J13="","스킬 확인",IF($C13<$J13,"공격 부족",IF($N13>=1,"위험",IF($N13>=0.6,"주의","OK")))) | Q13: Normal
A14: 10 | B14: 나선뿔 목동 | C14: 8 | D14: 0 | E14: 0 | F14: 빛 발사 | G14: 낮은 자세 | H14: =IFERROR(INDEX(Enemies!$F$5:$F$16,MATCH($B14,Enemies!$A$5:$A$16,0)),"") | I14: =IFERROR(INDEX(Skills!$J$5:$J$46,MATCH($F14,Skills!$B$5:$B$46,0)),0) | J14: =IF(OR($H14="",$I14<=0),"",CEILING($H14/$I14,1)) | K14: =IFERROR(INDEX(Enemies!$X$5:$X$16,MATCH($B14,Enemies!$A$5:$A$16,0)),0) | L14: =IFERROR(INDEX(Skills!$K$5:$K$46,MATCH($G14,Skills!$B$5:$B$46,0)),0) | M14: =MAX(0,$C14*$K14-$C14*$L14) | N14: =IF(Inputs!$B$4>0,$M14/Inputs!$B$4,0) | O14: =MAX(Inputs!$B$16,IFERROR(INDEX(Enemies!$Z$5:$Z$16,MATCH($B14,Enemies!$A$5:$A$16,0)),0)*Inputs!$B$12+$D14*Inputs!$B$13+$E14*Inputs!$B$14-$C14*Inputs!$B$15) | P14: =IF($J14="","스킬 확인",IF($C14<$J14,"공격 부족",IF($N14>=1,"위험",IF($N14>=0.6,"주의","OK")))) | Q14: Elite
A15: 11 | B15: 다층 갑각 | C15: 8 | D15: 0 | E15: 0 | F15: 빛 발사 | G15: 낮은 자세 | H15: =IFERROR(INDEX(Enemies!$F$5:$F$16,MATCH($B15,Enemies!$A$5:$A$16,0)),"") | I15: =IFERROR(INDEX(Skills!$J$5:$J$46,MATCH($F15,Skills!$B$5:$B$46,0)),0) | J15: =IF(OR($H15="",$I15<=0),"",CEILING($H15/$I15,1)) | K15: =IFERROR(INDEX(Enemies!$X$5:$X$16,MATCH($B15,Enemies!$A$5:$A$16,0)),0) | L15: =IFERROR(INDEX(Skills!$K$5:$K$46,MATCH($G15,Skills!$B$5:$B$46,0)),0) | M15: =MAX(0,$C15*$K15-$C15*$L15) | N15: =IF(Inputs!$B$4>0,$M15/Inputs!$B$4,0) | O15: =MAX(Inputs!$B$16,IFERROR(INDEX(Enemies!$Z$5:$Z$16,MATCH($B15,Enemies!$A$5:$A$16,0)),0)*Inputs!$B$12+$D15*Inputs!$B$13+$E15*Inputs!$B$14-$C15*Inputs!$B$15) | P15: =IF($J15="","스킬 확인",IF($C15<$J15,"공격 부족",IF($N15>=1,"위험",IF($N15>=0.6,"주의","OK")))) | Q15: Normal
A16: 12 | B16: 네크릴라 | C16: 8 | D16: 0 | E16: 0 | F16: 빛 발사 | G16: 낮은 자세 | H16: =IFERROR(INDEX(Enemies!$F$5:$F$16,MATCH($B16,Enemies!$A$5:$A$16,0)),"") | I16: =IFERROR(INDEX(Skills!$J$5:$J$46,MATCH($F16,Skills!$B$5:$B$46,0)),0) | J16: =IF(OR($H16="",$I16<=0),"",CEILING($H16/$I16,1)) | K16: =IFERROR(INDEX(Enemies!$X$5:$X$16,MATCH($B16,Enemies!$A$5:$A$16,0)),0) | L16: =IFERROR(INDEX(Skills!$K$5:$K$46,MATCH($G16,Skills!$B$5:$B$46,0)),0) | M16: =MAX(0,$C16*$K16-$C16*$L16) | N16: =IF(Inputs!$B$4>0,$M16/Inputs!$B$4,0) | O16: =MAX(Inputs!$B$16,IFERROR(INDEX(Enemies!$Z$5:$Z$16,MATCH($B16,Enemies!$A$5:$A$16,0)),0)*Inputs!$B$12+$D16*Inputs!$B$13+$E16*Inputs!$B$14-$C16*Inputs!$B$15) | P16: =IF($J16="","스킬 확인",IF($C16<$J16,"공격 부족",IF($N16>=1,"위험",IF($N16>=0.6,"주의","OK")))) | Q16: Normal
... A24: 20 | B24: 카르민느 | C24: 8 | D24: 0 | E24: 0 | F24: 빛 발사 | G24: 낮은 자세 | H24: =IFERROR(INDEX(Enemies!$F$5:$F$16,MATCH($B24,Enemies!$A$5:$A$16,0)),"") | I24: =IFERROR(INDEX(Skills!$J$5:$J$46,MATCH($F24,Skills!$B$5:$B$46,0)),0) | J24: =IF(OR($H24="",$I24<=0),"",CEILING($H24/$I24,1)) | K24: =IFERROR(INDEX(Enemies!$X$5:$X$16,MATCH($B24,Enemies!$A$5:$A$16,0)),0) | L24: =IFERROR(INDEX(Skills!$K$5:$K$46,MATCH($G24,Skills!$B$5:$B$46,0)),0) | M24: =MAX(0,$C24*$K24-$C24*$L24) | N24: =IF(Inputs!$B$4>0,$M24/Inputs!$B$4,0) | O24: =MAX(Inputs!$B$16,IFERROR(INDEX(Enemies!$Z$5:$Z$16,MATCH($B24,Enemies!$A$5:$A$16,0)),0)*Inputs!$B$12+$D24*Inputs!$B$13+$E24*Inputs!$B$14-$C24*Inputs!$B$15) | P24: =IF($J24="","스킬 확인",IF($C24<$J24,"공격 부족",IF($N24>=1,"위험",IF($N24>=0.6,"주의","OK")))) | Q24: FinalBoss

Sheet RewardsScore
A1: 보상 / 점수 룰
A2: Reward assets and PrototypeRewardTable are synced. Temporary attack/defense rewards are next-combat rank bonuses, not flat stat bonuses.
A4: Reward ID | B4: Display Name | C4: Kind | D4: Skill Learned | E4: Heal % Max HP | F4: Heal Amount | G4: Extra Move | H4: Temp Atk Rank | I4: Temp Def Rank | J4: Temp Move | K4: Permanent HP | L4: Permanent Atk | M4: Permanent Def | N4: Crit Chance Bonus | O4: Crit Damage Bonus | P4: Enemy Skill Offer % | Q4: Encounter Text / Notes
A5: moth-basic | B5: 나방 | C5: HealTwo | E5: 0.3 | F5: 2 | G5: 1 | J5: 2 | K5: 0 | L5: 0 | M5: 0 | N5: 0 | O5: 0 | P5: 0.1 | Q5: 조력자가 다음 전투를 준비할기회를 줍니다.
A6: learn-tentacle-strike | B6: 기술 습득 | C6: LearnSkill | D6: 촉수 치기 | E6: 0.3 | F6: 2 | G6: 1 | J6: 2 | K6: 0 | L6: 0 | M6: 0 | N6: 0 | O6: 0 | P6: 0.1 | Q6: 촉수 치기 기술을 배웁니다.
A7: learn-thorn-guard | B7: 기술 습득 | C7: LearnSkill | D7: 가시 방어 | E7: 0.3 | F7: 2 | G7: 1 | J7: 2 | K7: 0 | L7: 0 | M7: 0 | N7: 0 | O7: 0 | P7: 0.1 | Q7: 가시 방어 기술을 배웁니다.
A8: learn-gather-light | B8: 기술 습득 | C8: LearnSkill | D8: 빛 모으기 | E8: 0.3 | F8: 2 | G8: 1 | J8: 2 | K8: 0 | L8: 0 | M8: 0 | N8: 0 | O8: 0 | P8: 0.1 | Q8: 빛 모으기 기술을 배웁니다.
A9: learn-endure | B9: 기술 습득 | C9: LearnSkill | D9: 이악물기 | E9: 0.3 | F9: 2 | G9: 1 | J9: 2 | K9: 0 | L9: 0 | M9: 0 | N9: 0 | O9: 0 | P9: 0.1 | Q9: 이악물기 기술을 배웁니다.
A10: learn-howl | B10: 기술 습득 | C10: LearnSkill | D10: 울부짖기 | E10: 0.3 | F10: 2 | G10: 1 | J10: 2 | K10: 0 | L10: 0 | M10: 0 | N10: 0 | O10: 0 | P10: 0.1 | Q10: 울부짖기 기술을 배웁니다.
A11: learn-bioluminescence | B11: 기술 습득 | C11: LearnSkill | D11: 생체 발광 | E11: 0.3 | F11: 2 | G11: 1 | J11: 2 | K11: 0 | L11: 0 | M11: 0 | N11: 0 | O11: 0 | P11: 0.1 | Q11: 생체 발광 기술을 배웁니다.
A12: learn-sharp-senses | B12: 기술 습득 | C12: LearnSkill | D12: 예리한 감각 | E12: 0.3 | F12: 2 | G12: 1 | J12: 2 | K12: 0 | L12: 0 | M12: 0 | N12: 0 | O12: 0 | P12: 0.1 | Q12: 예리한 감각 기술을 배웁니다.
A13: learn-light-split | B13: 기술 습득 | C13: LearnSkill | D13: 빛의 분산 | E13: 0.3 | F13: 2 | G13: 1 | J13: 2 | K13: 0 | L13: 0 | M13: 0 | N13: 0 | O13: 0 | P13: 0.1 | Q13: 빛의 분산 기술을 배웁니다.
A14: learn-light-echo | B14: 기술 습득 | C14: LearnSkill | D14: 빛의 메아리 | E14: 0.3 | F14: 2 | G14: 1 | J14: 2 | K14: 0 | L14: 0 | M14: 0 | N14: 0 | O14: 0 | P14: 0.1 | Q14: 빛의 메아리 기술을 배웁니다.
A15: learn-life-drain | B15: 기술 습득 | C15: LearnSkill | D15: 생명 흡수 | E15: 0.3 | F15: 2 | G15: 1 | J15: 2 | K15: 0 | L15: 0 | M15: 0 | N15: 0 | O15: 0 | P15: 0.1 | Q15: 생명 흡수 기술을 배웁니다.
A16: learn-bleeding-cut | B16: 기술 습득 | C16: LearnSkill | D16: 화염구 | E16: 0.3 | F16: 2 | G16: 1 | J16: 2 | K16: 0 | L16: 0 | M16: 0 | N16: 0 | O16: 0 | P16: 0.1 | Q16: 화염구 기술을 배웁니다.
A17: learn-poison-coat | B17: 기술 습득 | C17: LearnSkill | D17: 독 묻히기 | E17: 0.3 | F17: 2 | G17: 1 | J17: 2 | K17: 0 | L17: 0 | M17: 0 | N17: 0 | O17: 0 | P17: 0.1 | Q17: 독 묻히기 기술을 배웁니다.
... A25: learn-cleanse-hand | B25: 기술 습득 | C25: LearnSkill | D25: 정화의 손길 | E25: 0.3 | F25: 2 | G25: 1 | J25: 2 | K25: 0 | L25: 0 | M25: 0 | N25: 0 | O25: 0 | P25: 0.1 | Q25: 정화의 손길 기술을 배웁니다.
A28: Scenario | B28: Difficulty | C28: Remaining Moves | D28: OverCost | E28: Turn Count | F28: Score
A29: 빠른 승리 | B29: 1 | C29: 2 | D29: 0 | E29: 3 | F29: =MAX(Inputs!$B$16,$B29*Inputs!$B$12+$C29*Inputs!$B$13+$D29*Inputs!$B$14-$E29*Inputs!$B$15)
A30: 표준 승리 | B30: 1 | C30: 1 | D30: 2 | E30: 6 | F30: =MAX(Inputs!$B$16,$B30*Inputs!$B$12+$C30*Inputs!$B$13+$D30*Inputs!$B$14-$E30*Inputs!$B$15)
A31: 고난도 빠른 승리 | B31: 2 | C31: 2 | D31: 0 | E31: 5 | F31: =MAX(Inputs!$B$16,$B31*Inputs!$B$12+$C31*Inputs!$B$13+$D31*Inputs!$B$14-$E31*Inputs!$B$15)
A32: 고난도 장기전 | B32: 2 | C32: 0 | D32: 4 | E32: 9 | F32: =MAX(Inputs!$B$16,$B32*Inputs!$B$12+$C32*Inputs!$B$13+$D32*Inputs!$B$14-$E32*Inputs!$B$15)

Sheet DevHandoff
A1: 개발 전달 메모
A2: 밸런스 시트가 참조하는 현재 런타임 소스와 조정 포인트입니다.
A4: 튜닝 항목 | B4: 참조 시트 | C4: 요청 값/범위 | D4: 기획 의도 | E4: 우선순위 | F4: 개발 확인
A5: 타일별 코스트 | B5: TileCost | C5: Current/Target Cost | D5: CostConverter log2 기반 보드 코스트 체감 조정 | E5: Core
A6: 플레이어 스탯 | B6: Inputs | C6: HP/공격/방어/보드 이동/치명 | D6: 초반 생존력과 턴당 스킬 사용량 조정 | E6: Core
A7: 스킬 코스트/위력/효과 | B7: Skills | C7: Cost / Power / Effect Summary | D7: 42개 SkillSO 전체 역할과 효율 비교 | E7: Core | F7: Rank multipliers: see Inputs F:H. Positive attack/defense rank uses (2+rank)/2, so +2 is x2.
A8: 적 HP/공격/AI/스킬 4칸 | B8: Enemies | C8: EnemySO stats + Skill 1-4 | D8: 전투 길이, 피해 압박, 상태효과 압박 조정 | E8: Core
A9: 보상 및 기술 습득 | B9: RewardsScore | C9: RewardTableSO + BattleRewardSO | D9: 런 진행 성장/보상 선택 가치 조정 | E9: Retune | F9: Temporary attack/defense rewards now apply next-combat rank bonuses. Rank changes persist until combat reset.
A10: 20스테이지 흐름 | B10: CombatSim | C10: Stage/Enemy/Skill/Turns | D10: 현재 finalStageIndex 기준으로 전투 위험도 점검 | E10: Retune

Sheet Lists
A1: SkillType | B1: AI Bias | C1: Debuff Pattern | D1: Encounter Rank | E1: AI Strength | F1: Enemy Names | G1: Skill Names | H1: Availability | I1: Sim Status
A2: Attack | B2: Balanced | C2: FearThenDarkness | D2: Normal | E2: Normal | F2: 그림자 늑대 | G2: 빠른 찌르기 | H2: Shared | I2: OK
A3: Debuff | B3: AttackHeavy | C3: DarknessThenFear | D3: Elite | E3: Enhanced | F3: 속박된 전율 | G3: 초과연소 | H3: PlayerOnly | I3: 주의
A4: Defense | B4: DefenseHeavy | D4: Boss | F4: 거짓된 미소 | G4: 독 묻히기 | H4: EnemyOnly | I4: 위험
A5: Heal | D5: FinalBoss | F5: 푸른심장 | G5: 방패 밀치기 | H5: Disabled | I5: 공격 부족
F6: 푸른귀 들쥐 | G6: 출혈 베기 | I6: 스킬 확인
F7: 물결치는 역병 | G7: 마무리
F8: 외눈 추적자 | G8: 빛 모으기
F9: 카르민느 | G9: 빛 발사
F10: 소용돌이치는 혼돈 | G10: 촉수 치기
F11: 나선뿔 목동 | G11: 피의 이빨
F12: 다층 갑각 | G12: 육중한 압박
F13: 네크릴라 | G13: 흐름 가르기
G14: 위협 사격
G15: 생명 흡수
G16: 상처 벌리기
G17: 방패 폭발
G18: 생체 발광
G19: 강타
G20: 무리한 강타
G21: 균열 낙인
G22: 섬광
G23: 울부짖기
G24: 도발
G25: 봉인
... G42: 깊은 암흑
